                  epoch,         train/box_loss,         train/cls_loss,         train/dfl_loss,   metrics/precision(B),      metrics/recall(B),       metrics/mAP50(B),    metrics/mAP50-95(B),           val/box_loss,           val/cls_loss,           val/dfl_loss,                 lr/pg0,                 lr/pg1,                 lr/pg2
                      1,                0.77778,                 3.5649,                 1.1872,                0.74164,                0.79121,                0.81771,                0.75724,                0.36634,                 10.592,                0.80026,              0.0033138,              0.0033138,              0.0033138
                      2,                0.77539,                 2.2421,                 1.1399,                0.90826,                0.71429,                0.86028,                0.70782,                0.53672,                 4.0745,                0.90675,              0.0066459,              0.0066459,              0.0066459
                      3,                0.86407,                 1.8617,                 1.1999,                0.82213,                0.86813,                0.84336,                0.67719,                  0.613,                 3.0742,                0.94387,              0.0099766,              0.0099766,              0.0099766
                      4,                0.93982,                 1.3274,                 1.2351,                  0.784,                0.83762,                0.84809,                0.68366,                0.64788,                 4.2018,                0.98393,              0.0099941,              0.0099941,              0.0099941
                      5,                0.91223,                 1.0421,                 1.2045,                0.73646,                0.64835,                0.69279,                  0.454,                 1.0233,                 1.3254,                 1.3768,              0.0099941,              0.0099941,              0.0099941
                      6,                0.91457,                0.95026,                  1.206,                0.89148,                0.85714,                0.87889,                0.73372,                0.57763,                0.80312,                0.90454,              0.0099921,              0.0099921,              0.0099921
                      7,                0.89727,                0.86979,                 1.2076,                0.91214,                0.91266,                0.93124,                0.80668,                0.54608,                 3.2757,                0.90483,              0.0099901,              0.0099901,              0.0099901
                      8,                0.88213,                0.81009,                 1.1798,                0.94525,                0.87912,                0.91545,                0.80677,                0.50576,                 0.9361,                0.83988,              0.0099881,              0.0099881,              0.0099881
                      9,                 0.8278,                 0.7477,                 1.1589,                 0.9113,                0.92308,                 0.9303,                0.83649,                0.43056,                0.46017,                0.82011,              0.0099861,              0.0099861,              0.0099861
                     10,                0.83464,                0.73923,                 1.1618,                0.89042,                  0.893,                0.91556,                 0.7888,                0.47784,                0.74983,                0.84777,              0.0099842,              0.0099842,              0.0099842
                     11,                0.83261,                0.76082,                 1.1611,                0.98791,                0.89797,                0.94373,                0.83767,                0.44618,                0.47137,                0.82039,              0.0099822,              0.0099822,              0.0099822
                     12,                0.79881,                0.72468,                 1.1375,                0.89882,                0.92308,                0.93189,                0.83774,                0.43111,                0.81572,                0.80855,              0.0099802,              0.0099802,              0.0099802
                     13,                0.78682,                0.67131,                 1.1212,                0.97023,                 0.9011,                0.93088,                0.85128,                0.42835,                0.40613,                0.82476,              0.0099782,              0.0099782,              0.0099782
                     14,                 0.7514,                0.62501,                  1.111,                0.98605,                0.92308,                 0.9584,                0.85289,                0.42446,                 0.3409,                0.81552,              0.0099762,              0.0099762,              0.0099762
                     15,                0.77055,                0.63549,                 1.1121,                0.98812,                0.91409,                 0.9502,                0.84396,                0.42904,                0.37248,                 0.8071,              0.0099743,              0.0099743,              0.0099743
                     16,                 0.7618,                0.59733,                 1.1174,                0.98834,                0.93132,                0.93846,                0.85914,                0.40811,                0.48343,                0.79107,              0.0099723,              0.0099723,              0.0099723
                     17,                0.72578,                0.59522,                 1.0901,                0.97596,                0.89217,                0.93983,                0.86422,                0.37638,                0.40059,                0.78887,              0.0099703,              0.0099703,              0.0099703
                     18,                0.70418,                 0.5617,                 1.0797,                0.98821,                0.92148,                0.95071,                0.89192,                 0.3388,                 0.3857,                0.76448,              0.0099683,              0.0099683,              0.0099683
                     19,                0.75747,                0.62027,                 1.1183,                0.98722,                0.92308,                0.96436,                0.89623,                0.33425,                0.30223,                0.75296,              0.0099663,              0.0099663,              0.0099663
                     20,                0.70203,                0.55822,                 1.0872,                0.98682,                0.92308,                0.95115,                0.88687,                0.33641,                 0.2897,                0.75776,              0.0099644,              0.0099644,              0.0099644
                     21,                0.68792,                0.54175,                 1.0762,                0.98755,                0.93407,                0.96982,                0.87387,                0.38318,                0.33485,                0.78166,              0.0099624,              0.0099624,              0.0099624
                     22,                  0.715,                0.57617,                  1.086,                0.97647,                0.91197,                0.93143,                0.85201,                0.37716,                0.42554,                0.77597,              0.0099604,              0.0099604,              0.0099604
                     23,                0.69076,                0.55653,                 1.0737,                0.98834,                0.93122,                0.96442,                0.88846,                0.36179,                0.41176,                0.76984,              0.0099584,              0.0099584,              0.0099584
                     24,                0.66337,                0.53269,                 1.0753,                0.97461,                0.92308,                0.95712,                 0.8919,                0.32201,                0.28581,                0.75973,              0.0099564,              0.0099564,              0.0099564
                     25,                0.67806,                0.51626,                 1.0747,                0.96335,                0.92308,                0.95028,                0.87892,                0.36736,                0.30918,                0.77253,              0.0099545,              0.0099545,              0.0099545
                     26,                0.69254,                0.53921,                 1.0888,                0.98823,                0.92274,                0.96347,                0.88906,                0.33872,                0.27847,                0.75387,              0.0099525,              0.0099525,              0.0099525
                     27,                0.68534,                0.54297,                 1.0755,                0.95505,                0.93389,                0.94858,                0.89524,                 0.3393,                0.35011,                0.75706,              0.0099505,              0.0099505,              0.0099505
                     28,                 0.6803,                0.53758,                  1.082,                0.98434,                0.92308,                0.95466,                0.90409,                0.32174,                0.30826,                  0.744,              0.0099485,              0.0099485,              0.0099485
                     29,                0.64691,                0.50399,                 1.0491,                0.98794,                 0.9004,                0.95383,                0.88209,                0.34546,                0.28524,                0.75099,              0.0099465,              0.0099465,              0.0099465
                     30,                0.65987,                0.52458,                  1.065,                0.93471,                0.94392,                0.95842,                0.88889,                0.35108,                0.29415,                  0.756,              0.0099446,              0.0099446,              0.0099446
                     31,                0.68242,                0.51989,                 1.0645,                0.95427,                0.91719,                0.95181,                0.89686,                0.34674,                0.53331,                0.75637,              0.0099426,              0.0099426,              0.0099426
                     32,                0.64234,                0.49707,                 1.0548,                0.96477,                0.86813,                0.93357,                0.85881,                0.37999,                0.61165,                0.80516,              0.0099406,              0.0099406,              0.0099406
                     33,                0.66135,                0.50432,                 1.0653,                0.98836,                0.93336,                0.96197,                0.90381,                0.30284,                0.26641,                0.76038,              0.0099386,              0.0099386,              0.0099386
                     34,                0.65732,                0.51703,                 1.0594,                0.99785,                0.92308,                0.96237,                0.91229,                0.30671,                 0.3238,                0.74696,              0.0099366,              0.0099366,              0.0099366
                     35,                0.60655,                0.47769,                 1.0379,                0.98637,                0.93407,                0.95511,                0.91283,                 0.2877,                0.23256,                0.73417,              0.0099347,              0.0099347,              0.0099347
                     36,                0.61594,                0.46763,                 1.0345,                0.98059,                0.93407,                0.96796,                0.90557,                0.30714,                0.24595,                0.74456,              0.0099327,              0.0099327,              0.0099327
                     37,                0.62259,                0.47894,                 1.0383,                0.97749,                0.95433,                0.96428,                0.90146,                0.33283,                0.26967,                0.76223,              0.0099307,              0.0099307,              0.0099307
                     38,                0.65093,                0.49897,                 1.0646,                 0.9982,                0.93407,                0.96338,                0.89394,                0.29046,                0.26093,                0.74009,              0.0099287,              0.0099287,              0.0099287
                     39,                0.61844,                0.48345,                 1.0429,                      1,                0.92159,                0.95536,                0.89659,                0.30875,                0.26338,                0.75344,              0.0099267,              0.0099267,              0.0099267
                     40,                0.60745,                0.45348,                 1.0417,                0.99883,                0.92308,                0.95434,                0.90346,                0.30023,                 0.2812,                 0.7418,              0.0099248,              0.0099248,              0.0099248
                     41,                0.60418,                0.45218,                 1.0272,                0.99849,                0.92308,                0.96581,                0.90637,                0.35174,                0.24644,                0.75444,              0.0099228,              0.0099228,              0.0099228
                     42,                0.59048,                 0.4553,                 1.0147,                0.99855,                0.92308,                0.95714,                0.91095,                0.30462,                0.27862,                0.74844,              0.0099208,              0.0099208,              0.0099208
                     43,                0.60312,                0.45363,                 1.0274,                0.99734,                0.92308,                0.96089,                0.90674,                0.29048,                0.24686,                0.72705,              0.0099188,              0.0099188,              0.0099188
                     44,                  0.609,                0.45658,                 1.0363,                0.97721,                0.94259,                0.97034,                0.90529,                0.30592,                0.25154,                0.74463,              0.0099168,              0.0099168,              0.0099168
                     45,                0.61824,                0.44428,                 1.0462,                0.96584,                0.93216,                0.97953,                0.91411,                0.28635,                0.24818,                0.73791,              0.0099149,              0.0099149,              0.0099149
                     46,                 0.6011,                0.44141,                 1.0344,                 0.9885,                0.94482,                 0.9663,                0.93719,                0.26066,                 0.2021,                0.73138,              0.0099129,              0.0099129,              0.0099129
                     47,                0.59676,                0.45087,                 1.0313,                 0.9527,                0.92308,                0.95605,                0.90378,                0.29935,                0.26767,                0.73866,              0.0099109,              0.0099109,              0.0099109
                     48,                0.61991,                0.45336,                 1.0409,                0.97722,                0.94288,                0.96167,                 0.9138,                0.28652,                0.29318,                0.73456,              0.0099089,              0.0099089,              0.0099089
                     49,                0.61217,                0.44146,                 1.0416,                0.96643,                 0.9492,                0.96484,                0.91737,                0.27912,                0.24076,                  0.735,              0.0099069,              0.0099069,              0.0099069
                     50,                0.60074,                0.44597,                  1.029,                      1,                0.93034,                0.96614,                0.90927,                0.30083,                0.27987,                0.73639,               0.009905,               0.009905,               0.009905
                     51,                0.58174,                 0.4372,                 1.0123,                      1,                0.93306,                0.95794,                0.91745,                0.28569,                 0.2376,                  0.743,               0.009903,               0.009903,               0.009903
                     52,                  0.602,                0.42444,                 1.0208,                0.99767,                0.93407,                0.96501,                0.92131,                0.30464,                0.25271,                0.73164,               0.009901,               0.009901,               0.009901
                     53,                0.59504,                0.43705,                 1.0241,                0.98848,                0.94298,                0.96807,                0.92529,                0.27032,                0.21906,                0.72353,               0.009899,               0.009899,               0.009899
                     54,                 0.5735,                0.43188,                 1.0206,                0.97725,                0.94397,                0.96933,                0.90603,                0.29848,                0.22738,                0.73719,               0.009897,               0.009897,               0.009897
                     55,                0.57916,                0.44236,                  1.015,                      1,                0.94431,                 0.9686,                0.92903,                 0.2678,                0.22616,                0.73142,              0.0098951,              0.0098951,              0.0098951
                     56,                0.60011,                0.42593,                 1.0327,                0.99861,                0.93407,                0.97746,                0.91235,                0.31464,                0.22065,                0.73723,              0.0098931,              0.0098931,              0.0098931
                     57,                0.57399,                0.43089,                 1.0114,                0.99884,                0.92308,                 0.9578,                0.90619,                0.27284,                 0.2587,                0.72513,              0.0098911,              0.0098911,              0.0098911
                     58,                0.59011,                0.44139,                 1.0264,                0.99875,                0.93407,                0.96339,                0.91774,                0.28904,                0.23976,                0.73627,              0.0098891,              0.0098891,              0.0098891
                     59,                0.59159,                0.42105,                 1.0236,                      1,                 0.9449,                0.98132,                0.92375,                 0.2908,                0.21095,                 0.7392,              0.0098871,              0.0098871,              0.0098871
                     60,                0.57499,                0.41273,                 1.0157,                0.99871,                0.93407,                0.97271,                0.91327,                0.27041,                0.19554,                0.72475,              0.0098852,              0.0098852,              0.0098852
                     61,                0.59018,                0.42734,                 1.0217,                      1,                0.94421,                0.96763,                0.92378,                0.27236,                0.22104,                0.72711,              0.0098832,              0.0098832,              0.0098832
                     62,                0.56485,                0.40986,                 1.0149,                0.98696,                0.93407,                0.96422,                0.91716,                0.27567,                0.22483,                0.73139,              0.0098812,              0.0098812,              0.0098812
                     63,                0.56249,                0.42166,                 1.0149,                0.97725,                0.94411,                0.97594,                0.92037,                0.29038,                0.24059,                0.72832,              0.0098792,              0.0098792,              0.0098792
                     64,                0.58618,                0.41936,                 1.0254,                0.98076,                0.92308,                 0.9616,                0.91424,                0.26857,                0.22374,                0.71999,              0.0098772,              0.0098772,              0.0098772
                     65,                0.57334,                0.40517,                 1.0156,                0.98584,                0.93407,                0.96406,                 0.9187,                0.26292,                0.21143,                0.72048,              0.0098753,              0.0098753,              0.0098753
                     66,                0.57015,                0.42212,                 1.0163,                0.98836,                0.93322,                0.96929,                 0.9194,                0.28401,                0.23153,                0.72634,              0.0098733,              0.0098733,              0.0098733
                     67,                0.56588,                0.41675,                 1.0102,                 0.9885,                0.94421,                0.97122,                0.92899,                0.26043,                0.19916,                0.71015,              0.0098713,              0.0098713,              0.0098713
                     68,                0.56645,                0.41918,                 1.0056,                0.97748,                0.95392,                0.97158,                0.91713,                0.28088,                0.28431,                0.73436,              0.0098693,              0.0098693,              0.0098693
                     69,                0.57364,                0.41282,                 1.0187,                0.97725,                0.94418,                0.97395,                0.93341,                0.24572,                0.19605,                0.71414,              0.0098673,              0.0098673,              0.0098673
                     70,                0.57384,                0.42581,                 1.0114,                0.98856,                0.96703,                0.97197,                0.93274,                0.27416,                0.19555,                0.71813,              0.0098654,              0.0098654,              0.0098654
                     71,                 0.5829,                0.40476,                 1.0196,                0.99915,                0.93407,                0.96692,                0.93133,                0.24492,                0.19283,                 0.7133,              0.0098634,              0.0098634,              0.0098634
                     72,                0.57995,                0.41585,                 1.0227,                      1,                0.94371,                0.95778,                0.90933,                0.26404,                0.24192,                0.72939,              0.0098614,              0.0098614,              0.0098614
                     73,                0.55053,                0.41303,                 1.0021,                0.96614,                0.94082,                0.96735,                0.93169,                0.25946,                0.21722,                0.71873,              0.0098594,              0.0098594,              0.0098594
                     74,                0.55977,                0.40894,                  1.007,                0.97752,                0.95568,                0.97431,                0.92688,                0.28032,                 0.2196,                0.72728,              0.0098574,              0.0098574,              0.0098574
                     75,                0.56361,                0.40332,                 1.0088,                0.98862,                0.95438,                 0.9714,                0.93598,                0.26278,                0.21048,                0.72885,              0.0098555,              0.0098555,              0.0098555
                     76,                0.57407,                0.40153,                 1.0162,                0.98692,                0.93407,                0.97215,                0.93471,                0.27514,                0.22564,                0.72917,              0.0098535,              0.0098535,              0.0098535
                     77,                0.54972,                0.39172,                 1.0135,                0.99782,                0.93407,                0.97101,                0.91267,                0.29067,                0.21038,                 0.7323,              0.0098515,              0.0098515,              0.0098515
                     78,                0.56977,                0.42305,                  1.013,                      1,                0.95595,                0.96766,                0.92157,                0.27548,                0.20824,                0.73078,              0.0098495,              0.0098495,              0.0098495
                     79,                0.55219,                0.38584,                 1.0087,                      1,                0.94466,                 0.9749,                 0.9347,                0.26466,                0.19725,                0.71806,              0.0098475,              0.0098475,              0.0098475
                     80,                0.55711,                0.39118,                 1.0054,                0.98862,                0.95426,                 0.9686,                0.93936,                 0.2718,                0.23123,                0.72131,              0.0098456,              0.0098456,              0.0098456
                     81,                0.53458,                 0.3784,                0.99184,                0.97717,                0.94077,                0.96244,                0.91929,                0.27775,                0.21829,                0.73742,              0.0098436,              0.0098436,              0.0098436
                     82,                0.56351,                0.40169,                  1.016,                0.97749,                 0.9545,                0.96543,                0.92553,                0.26028,                0.23822,                0.73426,              0.0098416,              0.0098416,              0.0098416
                     83,                0.54443,                0.39808,                 1.0054,                0.95171,                0.93407,                0.96705,                0.91928,                0.27097,                0.21843,                0.73876,              0.0098396,              0.0098396,              0.0098396
                     84,                0.55209,                0.39246,                 1.0027,                      1,                0.95579,                0.96897,                0.93469,                0.25834,                0.19619,                0.72899,              0.0098376,              0.0098376,              0.0098376
                     85,                0.55056,                0.39147,                 1.0077,                 0.9775,                0.95498,                0.97898,                0.91944,                0.28452,                 0.2172,                0.73751,              0.0098357,              0.0098357,              0.0098357
                     86,                 0.5378,                 0.3973,                 1.0096,                0.98849,                0.95604,                0.97166,                0.92286,                0.28425,                0.21085,                0.73514,              0.0098337,              0.0098337,              0.0098337
                     87,                 0.5245,                0.38606,                0.99791,                      1,                0.94399,                0.96951,                0.93006,                0.27543,                0.20405,                0.73248,              0.0098317,              0.0098317,              0.0098317
                     88,                0.56022,                0.40428,                 1.0122,                0.98835,                0.93247,                0.95568,                0.91584,                0.26076,                0.21362,                0.73317,              0.0098297,              0.0098297,              0.0098297
                     89,                0.55282,                0.39772,                0.99905,                0.98861,                0.95351,                0.97166,                0.91912,                0.28121,                0.20091,                0.73707,              0.0098277,              0.0098277,              0.0098277
                     90,                0.55281,                0.39408,                 1.0093,                0.98804,                0.93407,                0.98271,                0.93022,                0.26164,                 0.2052,                0.71852,              0.0098258,              0.0098258,              0.0098258
                     91,                0.54499,                 0.3765,                 1.0158,                      1,                0.95501,                 0.9723,                0.93956,                0.27444,                0.19015,                0.72801,              0.0098238,              0.0098238,              0.0098238
                     92,                0.53616,                0.38324,                 1.0045,                0.98858,                0.95118,                0.97191,                0.93947,                0.25728,                0.20625,                0.72489,              0.0098218,              0.0098218,              0.0098218
                     93,                0.53692,                0.38567,                0.99549,                      1,                0.93432,                0.97089,                0.91894,                0.25955,                0.22611,                0.73126,              0.0098198,              0.0098198,              0.0098198
                     94,                0.53788,                0.37794,                 1.0011,                0.98703,                0.95604,                 0.9708,                0.92913,                0.26858,                0.20301,                0.73118,              0.0098178,              0.0098178,              0.0098178
                     95,                0.54076,                0.38842,                 1.0061,                0.98861,                 0.9541,                 0.9717,                0.93063,                0.26748,                 0.2044,                0.72157,              0.0098159,              0.0098159,              0.0098159
                     96,                0.52617,                0.37479,                0.98794,                0.99874,                0.95604,                0.96883,                0.92697,                0.27149,                0.20004,                0.73693,              0.0098139,              0.0098139,              0.0098139
                     97,                0.53261,                0.37408,                 1.0007,                0.99899,                0.93407,                 0.9701,                 0.9352,                 0.2485,                0.19012,                0.71497,              0.0098119,              0.0098119,              0.0098119
                     98,                0.52519,                0.36851,                0.99248,                      1,                0.93355,                0.96688,                0.92662,                0.26069,                0.19651,                0.72683,              0.0098099,              0.0098099,              0.0098099
                     99,                0.52706,                0.37683,                0.99013,                      1,                0.94502,                0.96891,                0.93777,                0.26035,                0.20007,                0.72182,              0.0098079,              0.0098079,              0.0098079
                    100,                0.53604,                0.39518,                 1.0109,                0.98862,                0.95427,                0.96713,                0.92822,                0.26829,                0.20277,                0.73347,               0.009806,               0.009806,               0.009806
                    101,                0.53678,                0.37654,                0.99765,                  0.967,                0.96613,                 0.9747,                0.93769,                0.24518,                0.20434,                0.71777,               0.009804,               0.009804,               0.009804
                    102,                 0.5199,                0.36812,                0.98814,                0.96695,                0.96469,                0.97246,                0.93231,                0.26496,                0.20378,                0.72591,               0.009802,               0.009802,               0.009802
                    103,                0.53898,                0.38227,                 1.0017,                0.97345,                0.95604,                0.98203,                0.93232,                0.24868,                0.20391,                 0.7154,                 0.0098,                 0.0098,                 0.0098
                    104,                0.52438,                0.37368,                 0.9904,                0.98822,                0.95604,                0.96833,                0.94034,                0.23676,                0.18667,                0.70701,               0.009798,               0.009798,               0.009798
                    105,                0.51605,                0.36754,                0.98363,                0.98849,                 0.9436,                0.96358,                 0.9182,                0.26138,                0.21199,                 0.7199,              0.0097961,              0.0097961,              0.0097961
                    106,                0.52023,                0.35346,                0.98676,                0.97699,                0.93321,                0.95949,                0.93114,                0.23931,                0.19406,                 0.7086,              0.0097941,              0.0097941,              0.0097941
                    107,                0.52453,                0.37394,                0.98825,                0.98849,                0.94398,                0.96694,                0.93663,                0.24959,                 0.1933,                0.71199,              0.0097921,              0.0097921,              0.0097921
                    108,                0.51629,                0.36692,                0.98608,                0.98538,                0.95604,                0.96716,                0.93061,                0.25327,                0.18121,                0.71724,              0.0097901,              0.0097901,              0.0097901
                    109,                0.52635,                0.37241,                0.99436,                      1,                0.96406,                0.97072,                 0.9366,                 0.2575,                0.18212,                0.72179,              0.0097881,              0.0097881,              0.0097881
                    110,                0.51675,                0.36337,                0.99022,                      1,                0.96686,                0.98085,                0.93222,                0.25031,                0.18962,                0.72218,              0.0097862,              0.0097862,              0.0097862
                    111,                0.54144,                0.37921,                 1.0099,                0.97704,                 0.9354,                 0.9653,                0.92106,                0.26841,                0.21137,                0.72402,              0.0097842,              0.0097842,              0.0097842
                    112,                0.52814,                0.37007,                0.99232,                0.99789,                0.94505,                0.96677,                0.93139,                0.26478,                 0.2002,                0.73258,              0.0097822,              0.0097822,              0.0097822
                    113,                0.52805,                0.37703,                0.99776,                0.97723,                0.94328,                0.97463,                0.93405,                 0.2565,                0.18988,                0.72265,              0.0097802,              0.0097802,              0.0097802
                    114,                0.51708,                0.36644,                0.98707,                0.98799,                0.95604,                0.97648,                0.92998,                0.25242,                0.17426,                0.71794,              0.0097782,              0.0097782,              0.0097782
                    115,                0.52898,                 0.3784,                0.99583,                      1,                0.93918,                0.97508,                0.92708,                 0.2459,                0.17073,                0.72071,              0.0097763,              0.0097763,              0.0097763
                    116,                0.52454,                0.36061,                0.99061,                0.97726,                 0.9446,                0.96931,                0.93526,                0.23889,                0.17955,                0.70926,              0.0097743,              0.0097743,              0.0097743
                    117,                 0.5045,                0.35453,                0.97987,                0.99438,                0.93407,                0.97197,                 0.9403,                0.24225,                0.18205,                0.70928,              0.0097723,              0.0097723,              0.0097723
                    118,                0.51008,                0.36153,                0.98344,                0.98813,                0.95604,                 0.9795,                 0.9405,                0.23799,                 0.1744,                0.71954,              0.0097703,              0.0097703,              0.0097703
                    119,                0.51842,                0.35899,                0.98634,                      1,                 0.9405,                 0.9708,                 0.9385,                0.23928,                0.17264,                0.71067,              0.0097683,              0.0097683,              0.0097683
                    120,                0.52935,                0.36997,                0.99275,                 0.9885,                0.94505,                0.97136,                0.93675,                0.24141,                0.18995,                0.70338,              0.0097664,              0.0097664,              0.0097664
                    121,                0.53747,                0.37047,                 1.0022,                0.98849,                0.94344,                0.96909,                0.92858,                0.24292,                0.21617,                0.71859,              0.0097644,              0.0097644,              0.0097644
                    122,                0.53074,                0.37995,                 1.0006,                0.99921,                0.93407,                0.96531,                0.93631,                0.24479,                0.18514,                0.71003,              0.0097624,              0.0097624,              0.0097624
                    123,                0.52628,                 0.3775,                0.99417,                0.98368,                0.93407,                0.98219,                0.94869,                0.23342,                0.17869,                0.70762,              0.0097604,              0.0097604,              0.0097604
                    124,                0.51654,                0.36874,                 0.9861,                0.97721,                0.94505,                0.98169,                0.94361,                 0.2399,                0.18119,                0.71249,              0.0097584,              0.0097584,              0.0097584
                    125,                0.52824,                0.35756,                0.99782,                0.99651,                0.93407,                0.96903,                0.92954,                0.24261,                0.17632,                0.71011,              0.0097565,              0.0097565,              0.0097565
                    126,                 0.4994,                0.35148,                0.97406,                0.97727,                0.94498,                0.97603,                0.93619,                0.25255,                0.18956,                0.71896,              0.0097545,              0.0097545,              0.0097545
                    127,                0.50687,                0.35429,                0.97923,                0.97717,                0.93407,                0.97866,                 0.9293,                0.23695,                0.19087,                0.71397,              0.0097525,              0.0097525,              0.0097525
                    128,                0.51096,                0.35717,                0.98161,                 0.9885,                0.94425,                0.96967,                0.93721,                0.24733,                0.18668,                0.71651,              0.0097505,              0.0097505,              0.0097505
                    129,                0.51958,                0.35976,                0.99037,                      1,                0.94431,                0.97828,                0.93853,                0.25245,                0.17412,                0.71599,              0.0097485,              0.0097485,              0.0097485
                    130,                0.49794,                0.35133,                0.98036,                      1,                0.95242,                0.97966,                0.93158,                0.24895,                 0.1703,                0.71007,              0.0097466,              0.0097466,              0.0097466
                    131,                0.50915,                0.35023,                0.98258,                0.97748,                0.95414,                 0.9808,                0.93675,                0.24305,                0.16911,                0.71126,              0.0097446,              0.0097446,              0.0097446
                    132,                0.50279,                0.35046,                0.98013,                 0.9885,                0.94432,                0.98145,                0.94624,                0.23733,                0.17547,                0.71402,              0.0097426,              0.0097426,              0.0097426
                    133,                0.51682,                0.35934,                 0.9897,                      1,                0.94335,                0.98118,                0.94075,                0.23178,                0.17736,                0.71632,              0.0097406,              0.0097406,              0.0097406
                    134,                0.50936,                0.36491,                0.98154,                      1,                0.94417,                0.96895,                0.93261,                0.24477,                0.16685,                0.71974,              0.0097386,              0.0097386,              0.0097386
                    135,                0.50904,                 0.3554,                 0.9851,                 0.9885,                0.94445,                0.97831,                0.93246,                0.25128,                0.17919,                0.72437,              0.0097367,              0.0097367,              0.0097367
                    136,                0.51709,                0.35424,                0.99545,                 0.9885,                0.94488,                0.97284,                0.94023,                0.25069,                0.17983,                0.73042,              0.0097347,              0.0097347,              0.0097347
                    137,                0.51269,                0.35334,                0.98335,                0.96698,                0.96555,                0.97669,                0.93727,                0.24362,                0.17359,                0.72275,              0.0097327,              0.0097327,              0.0097327
                    138,                0.51079,                0.36314,                0.98018,                0.99841,                0.93407,                0.98041,                0.93845,                0.24391,                0.17609,                0.71192,              0.0097307,              0.0097307,              0.0097307
                    139,                0.49816,                0.34867,                0.97203,                0.99801,                0.93407,                0.97787,                0.94801,                  0.238,                0.17193,                0.71431,              0.0097287,              0.0097287,              0.0097287
                    140,                0.51119,                0.35242,                 0.9907,                      1,                0.95458,                0.97927,                0.94607,                0.23837,                0.16514,                0.71634,              0.0097268,              0.0097268,              0.0097268
                    141,                0.49656,                0.35033,                0.97537,                0.98521,                0.94505,                0.97985,                0.94476,                0.22232,                0.17425,                0.70699,              0.0097248,              0.0097248,              0.0097248
                    142,                 0.4899,                0.34637,                0.98154,                0.98862,                0.95483,                 0.9763,                0.94097,                 0.2293,                0.16238,                0.70316,              0.0097228,              0.0097228,              0.0097228
                    143,                0.48538,                0.33407,                0.96628,                      1,                0.94341,                  0.981,                0.95089,                0.23304,                0.16987,                0.70371,              0.0097208,              0.0097208,              0.0097208
                    144,                0.47974,                0.33813,                 0.9696,                      1,                0.94448,                 0.9828,                0.93938,                0.24275,                0.17387,                0.71346,              0.0097188,              0.0097188,              0.0097188
                    145,                 0.4955,                0.35259,                0.97698,                0.97774,                0.96519,                0.98109,                0.94086,                0.24518,                0.16747,                0.71812,              0.0097169,              0.0097169,              0.0097169
                    146,                0.49208,                0.34367,                0.97503,                0.98805,                0.94505,                0.98012,                0.93731,                0.24853,                0.17402,                0.71932,              0.0097149,              0.0097149,              0.0097149
                    147,                 0.4984,                0.35078,                0.97259,                0.97699,                0.93321,                0.96467,                0.92704,                0.25931,                0.18483,                0.72839,              0.0097129,              0.0097129,              0.0097129
                    148,                0.50303,                0.35618,                0.97501,                0.98849,                0.94397,                0.97375,                0.93345,                0.25369,                0.18244,                0.72676,              0.0097109,              0.0097109,              0.0097109
                    149,                0.49607,                0.34983,                0.98089,                0.96365,                0.94505,                 0.9734,                0.93076,                0.23262,                0.18071,                0.71274,              0.0097089,              0.0097089,              0.0097089
                    150,                0.49595,                0.34496,                0.97536,                0.98563,                0.94505,                0.97689,                0.92607,                 0.2521,                0.18587,                0.71852,               0.009707,               0.009707,               0.009707
                    151,                 0.4827,                 0.3414,                0.97616,                0.97589,                0.94505,                0.96944,                0.93278,                0.25596,                0.18508,                0.73362,               0.009705,               0.009705,               0.009705
                    152,                0.50185,                0.34021,                0.98434,                      1,                0.95463,                0.97029,                0.93929,                0.24827,                0.17816,                0.72596,               0.009703,               0.009703,               0.009703
                    153,                0.48912,                0.33538,                0.97798,                      1,                0.95424,                 0.9735,                0.94578,                0.24259,                0.16961,                0.71964,               0.009701,               0.009701,               0.009701
                    154,                0.48007,                0.33215,                0.97587,                0.97727,                0.94497,                0.97462,                0.94346,                0.23695,                0.17428,                0.71103,               0.009699,               0.009699,               0.009699
                    155,                0.48162,                0.33537,                0.96902,                0.99437,                0.93407,                0.97907,                0.94549,                0.24084,                0.17033,                0.71322,              0.0096971,              0.0096971,              0.0096971
                    156,                0.49777,                0.34897,                0.98283,                0.97722,                0.94294,                0.97239,                0.93836,                0.23788,                0.16883,                0.71019,              0.0096951,              0.0096951,              0.0096951
                    157,                0.49125,                 0.3553,                0.96641,                0.98849,                0.94399,                0.97345,                0.93858,                 0.2353,                0.17219,                 0.7033,              0.0096931,              0.0096931,              0.0096931
                    158,                0.49145,                0.34081,                0.97078,                0.97626,                0.96703,                0.97183,                0.94013,                0.23025,                0.16872,                0.70696,              0.0096911,              0.0096911,              0.0096911
                    159,                0.49417,                0.34532,                0.97172,                0.96662,                0.95456,                0.97172,                0.94189,                0.22592,                0.17287,                0.70653,              0.0096891,              0.0096891,              0.0096891
                    160,                0.48252,                0.33256,                0.97516,                      1,                 0.9434,                0.97235,                0.94564,                0.22618,                0.16826,                0.71127,              0.0096872,              0.0096872,              0.0096872
                    161,                0.50596,                0.34508,                0.98302,                      1,                 0.9433,                0.97706,                0.94559,                0.22578,                0.16594,                 0.7079,              0.0096852,              0.0096852,              0.0096852
                    162,                0.50453,                0.34392,                0.98463,                      1,                0.94456,                0.97791,                0.94403,                0.24335,                0.17311,                0.70634,              0.0096832,              0.0096832,              0.0096832
                    163,                0.47984,                0.32988,                0.96358,                 0.9885,                0.94417,                0.97513,                  0.941,                0.23715,                0.17426,                0.70821,              0.0096812,              0.0096812,              0.0096812
                    164,                0.48937,                0.33245,                0.96473,                0.98698,                0.93407,                0.97103,                0.94061,                 0.2332,                0.18573,                0.70983,              0.0096792,              0.0096792,              0.0096792
                    165,                0.48938,                0.34348,                0.96739,                0.99799,                0.93407,                0.96703,                 0.9429,                0.22964,                0.17919,                0.70849,              0.0096773,              0.0096773,              0.0096773
                    166,                0.48703,                0.33412,                0.96916,                0.97749,                0.95439,                0.97502,                 0.9465,                  0.227,                0.17841,                0.70644,              0.0096753,              0.0096753,              0.0096753
                    167,                0.51412,                0.35974,                0.97654,                0.97726,                0.94458,                0.97902,                 0.9426,                0.23586,                0.18512,                 0.7082,              0.0096733,              0.0096733,              0.0096733
                    168,                0.48215,                0.33457,                0.96739,                 0.9973,                0.93407,                 0.9775,                0.94949,                  0.228,                0.18018,                0.70539,              0.0096713,              0.0096713,              0.0096713
                    169,                0.47022,                0.33211,                0.96763,                      1,                0.94418,                0.97387,                 0.9441,                0.22137,                0.16369,                0.69918,              0.0096693,              0.0096693,              0.0096693
                    170,                0.48508,                0.32766,                0.97186,                      1,                0.94419,                0.97138,                0.94602,                0.22531,                0.17747,                0.70267,              0.0096674,              0.0096674,              0.0096674
                    171,                 0.4802,                0.33796,                0.96818,                 0.9963,                0.93407,                0.96825,                0.94158,                0.22298,                0.16641,                0.70296,              0.0096654,              0.0096654,              0.0096654
                    172,                0.48223,                 0.3389,                0.96009,                      1,                0.94291,                0.97476,                0.93878,                0.23999,                0.16606,                0.71647,              0.0096634,              0.0096634,              0.0096634
                    173,                0.48627,                0.33362,                0.96366,                      1,                0.94369,                0.98092,                0.94544,                0.23873,                0.16977,                0.71373,              0.0096614,              0.0096614,              0.0096614
                    174,                 0.4787,                0.33364,                 0.9722,                0.98849,                0.94404,                0.97063,                0.94572,                0.23259,                0.16206,                0.71076,              0.0096594,              0.0096594,              0.0096594
                    175,                0.48709,                0.33809,                0.97402,                      1,                0.94354,                0.97161,                 0.9456,                0.21797,                 0.1531,                0.70362,              0.0096575,              0.0096575,              0.0096575
                    176,                0.48086,                0.33152,                0.96643,                0.97773,                0.96502,                0.97598,                0.94933,                0.21761,                0.14696,                 0.6978,              0.0096555,              0.0096555,              0.0096555
                    177,                0.48645,                0.33867,                0.96254,                0.99983,                0.94505,                0.97863,                0.94847,                0.22605,                 0.1546,                  0.698,              0.0096535,              0.0096535,              0.0096535
                    178,                0.48633,                0.34043,                0.97256,                      1,                 0.9537,                0.97688,                0.94467,                0.22077,                0.15623,                0.69913,              0.0096515,              0.0096515,              0.0096515
                    179,                0.48491,                0.32991,                0.98164,                0.98823,                0.96703,                0.97782,                0.94984,                0.22464,                0.15252,                0.70539,              0.0096495,              0.0096495,              0.0096495
                    180,                0.48936,                0.33841,                0.97466,                      1,                0.94495,                0.97367,                0.94016,                0.22299,                0.15783,                0.70835,              0.0096476,              0.0096476,              0.0096476
                    181,                0.48474,                0.33827,                0.97274,                0.99834,                0.94505,                0.97366,                0.94284,                0.22952,                0.16307,                0.70969,              0.0096456,              0.0096456,              0.0096456
                    182,                0.47471,                0.33765,                0.95801,                0.98362,                0.94505,                 0.9687,                0.94431,                0.22889,                0.16938,                 0.7128,              0.0096436,              0.0096436,              0.0096436
                    183,                0.48377,                0.34632,                0.97154,                      1,                0.94362,                0.97573,                0.94659,                0.22414,                0.16572,                 0.7093,              0.0096416,              0.0096416,              0.0096416
                    184,                0.48167,                0.34056,                0.97108,                      1,                0.94385,                 0.9708,                0.94414,                0.22684,                0.17196,                0.71176,              0.0096396,              0.0096396,              0.0096396
                    185,                0.47462,                0.33041,                0.97804,                      1,                0.94102,                0.97223,                0.94506,                0.21967,                0.16899,                0.70591,              0.0096377,              0.0096377,              0.0096377
                    186,                0.47622,                0.33272,                0.96895,                      1,                 0.9422,                0.97522,                 0.9467,                0.21416,                0.16412,                0.70338,              0.0096357,              0.0096357,              0.0096357
                    187,                0.48536,                0.32888,                 0.9709,                      1,                0.94297,                0.97457,                0.94611,                0.21452,                0.15586,                0.70238,              0.0096337,              0.0096337,              0.0096337
                    188,                0.47229,                0.31968,                0.96491,                      1,                0.95491,                 0.9778,                0.94847,                0.22626,                0.16607,                0.71211,              0.0096317,              0.0096317,              0.0096317
                    189,                0.48233,                0.33226,                0.97294,                 0.9985,                0.95604,                0.97807,                0.94668,                0.22949,                 0.1676,                0.71661,              0.0096297,              0.0096297,              0.0096297
                    190,                 0.4572,                0.31699,                0.95576,                      1,                 0.9554,                 0.9756,                0.94817,                0.22149,                0.16524,                0.71399,              0.0096278,              0.0096278,              0.0096278
                    191,                0.48495,                0.33066,                0.96561,                0.99965,                0.95604,                 0.9747,                0.94473,                0.22611,                0.16238,                 0.7193,              0.0096258,              0.0096258,              0.0096258
                    192,                0.46871,                 0.3136,                0.96507,                      1,                0.94425,                0.96532,                0.94515,                0.22948,                0.16794,                0.72027,              0.0096238,              0.0096238,              0.0096238
                    193,                0.47346,                0.33465,                0.96465,                      1,                0.94433,                0.96927,                0.94533,                0.22979,                0.16198,                0.71291,              0.0096218,              0.0096218,              0.0096218
